{
  "mean": 13.02818876373514,
  "std": 0.3292463607021039
}